<?xml version="1.0" encoding="UTF-8" ?>
<!DOCTYPE configuration
  PUBLIC "-//mybatis.org//DTD Config 3.0//EN"
  "http://mybatis.org/dtd/mybatis-3-config.dtd">
<configuration>
<properties resource="com/config/jdbc.properties"/> 
<typeAliases>
	<typeAlias type="com.dto.MemberDTO" alias="MemberDTO"/>
	<typeAlias type="com.dto.GoodsDTO" alias="GoodsDTO"/>
	<typeAlias type="com.dto.CartDTO" alias="CartDTO"/>
</typeAliases>
  <environments default="development">
    <environment id="development">
      <transactionManager type="JDBC"/>
      <dataSource type="POOLED">
        <property name="driver" value="${jdbc.driver}"/>
        <property name="url" value="${jdbc.url}"/>
        <property name="username" value="${jdbc.userid}"/>
        <property name="password" value="${jdbc.password}"/>
      </dataSource>
    </environment>
  </environments>
  <mappers>
    <mapper resource="com/config/MemberMapper.xml"/>
    <mapper resource="com/config/GoodsMapper.xml"/>
    <mapper resource="com/config/CartMapper.xml"/>
    <mapper resource="com/config/FavorMapper.xml"/>
  </mappers>
</configuration>
