<!DOCTYPE mapper
    PUBLIC "-//mybatis.org//DTD Mapper 3.0//EN"
    "http://mybatis.org/dtd/mybatis-3-mapper.dtd">

<mapper namespace="MemberMapper">

	
	
	<select id="selectAll" resultType="MemberDTO">
	select userid,passwd, username,post, addr1, addr2, phone,
	email1, email2, mas
	from member
	</select>
	
	<select id="idCheck" parameterType="map" resultType="MemberDTO">
	select userid,passwd, username,post, addr1, addr2, phone,
	email1, email2, mas
	from member
	where userid = #{userid} and passwd = #{passwd}
	</select>
	
	<select id="signUpCheck" parameterType="string" resultType="int">
	select count(*)
	from member
	where userid = #{userid}
	</select>
	
	<insert id="memberSignup" parameterType="MemberDTO">
	insert into member(userid,passwd,username,ssn,post,addr1,addr2,phone,email1,email2,mas,hiredate )
	values(#{userid},#{passwd},#{username},#{ssn},#{post},#{addr1},#{addr2},#{phone},#{email1},#{email2},null,sysdate)
	</insert>
</mapper>